vasp_name,vasp_type,country,risk_level,chain,address,address_type,verified,source
WazirX,exchange,India,low,ETH,0x7eb418b8eabe62c0de62a18f3e3b1ef2dbe2f850,hot_wallet,true,FIU_IND_REGISTRY
WazirX,exchange,India,low,TRON,TDoyjMBnBSEJ6AFdMHHQ1SMUDKSMu5oTRo,hot_wallet,true,FIU_IND_REGISTRY
WazirX,exchange,India,low,BTC,bc1qvnpkrc26dmfaexm76ttlctfvhqfkc84d8ytmt7,hot_wallet,true,FIU_IND_REGISTRY
WazirX,exchange,India,low,ETH,0x27fc714e8b35061405e3f43b677a28e93246fbe8,cold_wallet,true,FIU_IND_REGISTRY
CoinDCX,exchange,India,low,ETH,0x26232F4FD07b17d9d6E99CD9a0d30c3A8b095E3e,hot_wallet,true,FIU_IND_REGISTRY
CoinDCX,exchange,India,low,BTC,3Kz9Nq9Lrk5Xq3w7QWd8jZ5M6Yp8Qn4L2k,hot_wallet,true,FIU_IND_REGISTRY
CoinDCX,exchange,India,low,TRON,TYDzsYUEpvnYmQk4zGP9sWWcTEd3GwPdN6,hot_wallet,true,FIU_IND_REGISTRY
CoinSwitch,exchange,India,low,ETH,0x3baa64da018a7f19199948f14c16b5d6dce3d7aa,hot_wallet,true,FIU_IND_REGISTRY
CoinSwitch,exchange,India,low,BTC,bc1qxy2kgdygjrsqtzq2n0yrf2493p83kkfjhx0w00,hot_wallet,true,FIU_IND_REGISTRY
ZebPay,exchange,India,low,BTC,3Cbq7aT1tY8kMxWLbitaG7yT6bPbKChq64,hot_wallet,true,FIU_IND_REGISTRY
ZebPay,exchange,India,low,ETH,0x8f22f2063d253846b53609231ed80fa571bc0c8f,hot_wallet,true,FIU_IND_REGISTRY
Giottus,exchange,India,low,ETH,0xb5ab08d153218c1a6a5318b14eeb92df892e6e8a,hot_wallet,true,FIU_IND_REGISTRY
Giottus,exchange,India,low,BTC,1GiotTusHotWaLLetOfficiaLRegistered1,hot_wallet,true,FIU_IND_REGISTRY
BuyUCoin,exchange,India,low,ETH,0x1c4b70a3968436b9a0a9cf5205c787eb81bb558c,hot_wallet,true,FIU_IND_REGISTRY
Bitbns,exchange,India,low,ETH,0x70b6c6a56179ee6c55b05607e5dc2ea3bfb5c8f7,hot_wallet,true,FIU_IND_REGISTRY
UnoCoin,exchange,India,low,BTC,1AJbsFZ64EpEfS5UAjAfcUG8pH8Jn3rn1F,hot_wallet,true,FIU_IND_REGISTRY
Binance,exchange,Global,low,BTC,1NDyJtNTjmwk5xPNhjgAMu4HDHigtobu1s,hot_wallet,true,MANUAL_VERIFIED
Binance,exchange,Global,low,BTC,34xp4vRoCGJym3xR7yCVPFHoCNxv4Twseo,cold_wallet,true,MANUAL_VERIFIED
Binance,exchange,Global,low,BTC,bc1qm34lsc65zpw79lxes69zkqmk6ee3ewf0j77s3h,deposit_wallet,true,MANUAL_VERIFIED
Binance,exchange,Global,low,ETH,0x28c6c06298d514db089934071355e5743bf21d60,hot_wallet,true,MANUAL_VERIFIED
Binance,exchange,Global,low,ETH,0x21a31ee1afc51d94c2efccaa2092ad1028285549,hot_wallet,true,MANUAL_VERIFIED
Binance,exchange,Global,low,ETH,0xdfd5293d8e347dfe59e90efd55b2956a1343963d,hot_wallet,true,MANUAL_VERIFIED
Binance,exchange,Global,low,ETH,0xbe0eb53f46cd790cd13851d5eff43d12404d33e8,cold_wallet,true,MANUAL_VERIFIED
Binance,exchange,Global,low,TRON,TDqSquXBgUCLYvYC4XZgrprLPMuTkBJzfY,hot_wallet,true,MANUAL_VERIFIED
Binance,exchange,Global,low,TRON,TLPh66vQ2QMb64rG3WEBV5qnAhZeqCS9qA,hot_wallet,true,MANUAL_VERIFIED
Binance,exchange,Global,low,BNB,0x8894e0a0c962cb723c1ef8c40570612948947e39,hot_wallet,true,MANUAL_VERIFIED
Binance,exchange,Global,low,SOL,2ojv9BAiHUrvsm9gxDe7fJSzbNZSJcxZvf8dqmWGHG8S,hot_wallet,true,MANUAL_VERIFIED
Coinbase,exchange,United States,low,BTC,34GUg2CZygGR7KSwCRTmB6bh4wQrMCdxnm,hot_wallet,true,MANUAL_VERIFIED
Coinbase,exchange,United States,low,BTC,3JZq4atUahhuA9rLhXLMhhTo133J9rF97j,hot_wallet,true,MANUAL_VERIFIED
Coinbase,exchange,United States,low,ETH,0x503828976d22510aad0201ac7ec88293211d23da,hot_wallet,true,MANUAL_VERIFIED
Coinbase,exchange,United States,low,ETH,0xddfAbCdc4D8FfC6d5beaf154f18B778f892A0740,hot_wallet,true,MANUAL_VERIFIED
Coinbase,exchange,United States,low,ETH,0xa090e606e30bd747d4e6245a1517ebe430f0057e,cold_wallet,true,MANUAL_VERIFIED
Kraken,exchange,United States,low,BTC,3AfwmhssDfkMfHjYMhHq4sp9j2XjYjokYh,hot_wallet,true,MANUAL_VERIFIED
Kraken,exchange,United States,low,ETH,0x2910543af39aba0cd09dbb2d50200b3e800a63d2,hot_wallet,true,MANUAL_VERIFIED
Kraken,exchange,United States,low,ETH,0x267be1c1d684f78cb4f6a176c4911b741e4ffdc0,hot_wallet,true,MANUAL_VERIFIED
Bitfinex,exchange,British Virgin Islands,low,BTC,1Kr6QSydW9bFQG1mXiPNNu6WpJGmUa9i1g,cold_wallet,true,MANUAL_VERIFIED
Bitfinex,exchange,British Virgin Islands,low,ETH,0x1151314c646ce4e0efd76d1af4760ae66a9fe30f,hot_wallet,true,MANUAL_VERIFIED
Bitfinex,exchange,British Virgin Islands,low,ETH,0x876eabf441b2ee5b5b0554fd502a8e0600950cfa,hot_wallet,true,MANUAL_VERIFIED
OKX,exchange,Seychelles,low,BTC,1LnoZawVFFQihU8d8ntxLMpYheZUfyeVAK,hot_wallet,true,MANUAL_VERIFIED
OKX,exchange,Seychelles,low,ETH,0x6cc5f688a315f3dc28a7781717a9a798a59fda7b,hot_wallet,true,MANUAL_VERIFIED
OKX,exchange,Seychelles,low,TRON,TFTRAknH5GA17K4cBPF2jXWtHx4bej8DD7,hot_wallet,true,MANUAL_VERIFIED
Bybit,exchange,United Arab Emirates,low,BTC,1EzwoHtiXB4iFwedPr49iywjZn2nnekhoj,hot_wallet,true,MANUAL_VERIFIED
Bybit,exchange,United Arab Emirates,low,ETH,0xf89d7b9c864f589bbf53a82105107622b35eaa40,hot_wallet,true,MANUAL_VERIFIED
Bybit,exchange,United Arab Emirates,low,TRON,TKcZuPqf9Z7PZgC24E82r3U2Z134zV8K3n,hot_wallet,true,MANUAL_VERIFIED
KuCoin,exchange,Seychelles,low,BTC,1GfxPBEGjE8t82pYBXKFSEbuaePq9HHtes,hot_wallet,true,MANUAL_VERIFIED
KuCoin,exchange,Seychelles,low,ETH,0xd6216fc19db775df9774a6e33526131da7d19a2c,hot_wallet,true,MANUAL_VERIFIED
Huobi (HTX),exchange,Seychelles,low,BTC,1HckjUpRGcrrRAtFaaCAUaGjsPx9oYmLaZ,hot_wallet,true,MANUAL_VERIFIED
Huobi (HTX),exchange,Seychelles,low,ETH,0x46705dfff24256421a05d056c29e81bdc09723b8,hot_wallet,true,MANUAL_VERIFIED
Huobi (HTX),exchange,Seychelles,low,TRON,TNDzfERD2CeBTGqcCjErfP2m8Bkvb5Wf1m,hot_wallet,true,MANUAL_VERIFIED
Gate.io,exchange,Cayman Islands,low,ETH,0x0d0707963952f2fba59dd06f2b425ace40b492fe,hot_wallet,true,MANUAL_VERIFIED
Gate.io,exchange,Cayman Islands,low,BTC,12t9YDPgwHphJomspR4Wcq2Z9p7Ue3sH7g,hot_wallet,true,MANUAL_VERIFIED
Gemini,exchange,United States,low,BTC,1FWQiwK27EnGXb6BiBMRLJvunJQZZPMcGd,hot_wallet,true,MANUAL_VERIFIED
Gemini,exchange,United States,low,ETH,0xd24400ae8bfebb18ca49be86258a3c749cf46853,hot_wallet,true,MANUAL_VERIFIED
Bitstamp,exchange,Luxembourg,low,BTC,3P3QsTXsrSuvA67rjyw3meHBzPPxxeuoJb,hot_wallet,true,MANUAL_VERIFIED
Bitstamp,exchange,Luxembourg,low,ETH,0x6e9fe01c3852003c27e02beec027b4b1df8f4a3c,hot_wallet,true,MANUAL_VERIFIED
Crypto.com,exchange,Singapore,low,ETH,0x6262998ced04146fa42253a5c0af90ca02dfd2a3,hot_wallet,true,MANUAL_VERIFIED
Crypto.com,exchange,Singapore,low,ETH,0x72a53cdd6a22b7a9775f28c5a2c2069b2cb4ffbb,cold_wallet,true,MANUAL_VERIFIED
MEXC,exchange,Seychelles,low,ETH,0x75e89d5979e4f6fba9f97c104c27a2980f55b117,hot_wallet,true,MANUAL_VERIFIED
MEXC,exchange,Seychelles,low,TRON,TCWbF3zWv9wR3d9aM8b3e8s2e7s8d2e8s2,hot_wallet,true,MANUAL_VERIFIED
Bitget,exchange,Seychelles,low,ETH,0x1b4539822a10df3a8d6a89c93a8cf82fb66a1a11,hot_wallet,true,MANUAL_VERIFIED
Poloniex,exchange,Seychelles,low,BTC,1Po1oNipErUbTevb6yb9Z21H9y23s5m2B8,hot_wallet,true,MANUAL_VERIFIED
Poloniex,exchange,Seychelles,low,ETH,0x32be343b94f860124dc4fee278fdcbd38c102d88,hot_wallet,true,MANUAL_VERIFIED
Upbit,exchange,South Korea,low,BTC,3EbHXGqVq168eY7wUqgXU2fE89k2vQ7s9j,hot_wallet,true,MANUAL_VERIFIED
Upbit,exchange,South Korea,low,ETH,0x5e032243d507c743b061ef021e2ec7fcc6d3ab89,hot_wallet,true,MANUAL_VERIFIED
Paxful,p2p_exchange,Global,medium,BTC,3GKaT95MvxDgey7HFNvfbRMpCBMex6JKzQ,hot_wallet,true,MANUAL_VERIFIED
LocalBitcoins,p2p_exchange,Finland,medium,BTC,3M219KR5vEneNb47ewrPfWyb5jQ2DjxRP6,hot_wallet,true,MANUAL_VERIFIED
Tornado Cash,mixer,Decentralized,critical,ETH,0xd90e2f925da726b50c4ed8d0fb90ad053324f31b,mixer_router,true,OFAC_SDN
Tornado Cash (0.1 ETH),mixer,Decentralized,critical,ETH,0x12d66f87a04a9e220743712ce6d9bb1b5616b8fc,mixer_pool,true,OFAC_SDN
Tornado Cash (1 ETH),mixer,Decentralized,critical,ETH,0x47ce0c6ed5b0ce3d3a51fdb1c52dc66a7c3c2936,mixer_pool,true,OFAC_SDN
Tornado Cash (10 ETH),mixer,Decentralized,critical,ETH,0x910cbd523d972eb0a6f4cae4618ad62622b39dbf,mixer_pool,true,OFAC_SDN
Tornado Cash (100 ETH),mixer,Decentralized,critical,ETH,0xa160cdab225685da1d56aa342ad8841c3b53f291,mixer_pool,true,OFAC_SDN
Tornado Cash (DAI),mixer,Decentralized,critical,ETH,0xd4b88df4d29f5cedd6857912842cff3b20c8cfa3,mixer_pool,true,OFAC_SDN
Tornado Cash (cDAI),mixer,Decentralized,critical,ETH,0xfd8610d20aa15b7b2e3be39b396a1bc3516c7144,mixer_pool,true,OFAC_SDN
Tornado Cash (USDC),mixer,Decentralized,critical,ETH,0xd96f2b1c14db8458374d9aca76e28c3dce00f8d7,mixer_pool,true,OFAC_SDN
Tornado Cash (USDT),mixer,Decentralized,critical,ETH,0x169ad27a470d064dae5689d4ce4cbd4da619757f,mixer_pool,true,OFAC_SDN
Tornado Cash (BNB),mixer,Decentralized,critical,BNB,0xd47438c816c9e7f2e2888e060936a499af9582b3,mixer_contract,true,OFAC_SDN
Tornado Cash (Arbitrum),mixer,Decentralized,critical,ETH,0x84443cfd09a48af6ef360c6976c5392ac5023a1f,mixer_contract,true,OFAC_SDN
Wasabi Wallet,mixer,Decentralized,high,BTC,bc1q2x96ank5r0qmz4yvr5cfe5c7c3j2km4h6da5q,coinjoin_coordinator,true,MANUAL_VERIFIED
Wasabi Wallet,mixer,Decentralized,high,BTC,bc1q0ht9tyks4vh7p5p904t340lhvhf9630d8lwj0h,coinjoin_coordinator,true,MANUAL_VERIFIED
Samourai Whirlpool,mixer,Decentralized,high,BTC,bc1q9rn5v6lgqa5vvhfp0dqq7ynlnzjgrlhe3twuy6,coinjoin_coordinator,true,MANUAL_VERIFIED
Samourai Whirlpool,mixer,Decentralized,high,BTC,bc1q5v6l48a04dfz795864t5n9q725f4k6w8e9r2t3,coinjoin_coordinator,true,MANUAL_VERIFIED
Chipmixer,mixer,Decentralized,critical,BTC,1ChipYeq2FQuv9v4WrjpCHBfJKF8LQDvKK,mixer_pool,true,OFAC_SDN
Blender.io,mixer,Decentralized,critical,BTC,bc1qkmt8wntqyagjjcwdktf4hxjhgsqp9nchj6n3al,mixer_pool,true,OFAC_SDN
Blender.io,mixer,Decentralized,critical,BTC,1DA2rebNhHsTr4a3FeijZhcRfpGAjp8viY,mixer_pool,true,OFAC_SDN
Sinbad.io,mixer,Decentralized,critical,BTC,1F1tAaz5x1HUXrCNLbtMDqcw6o5GNn4xqX,mixer_pool,true,OFAC_SDN
Sinbad.io,mixer,Decentralized,critical,BTC,15vy1aV4t7V5fW9L3rG8mJ2nK4qP6s8u9x,mixer_pool,true,OFAC_SDN
Railgun,mixer,Decentralized,high,ETH,0xfa7093cdd9ee6932b4eb2c9e1cde7ce00b29de4b,privacy_relay,true,MANUAL_VERIFIED
Cyclone Protocol,mixer,Decentralized,high,ETH,0x4b7c6c4c6b8c8d8e8f8a8b8c8d8e8f8a8b8c8d8e,mixer_contract,true,MANUAL_VERIFIED
Garantex,sanctioned_exchange,Russia,critical,ETH,0x6f1ca141a28907f78ebaa64f83661a838d8f0a65,hot_wallet,true,OFAC_SDN
Garantex,sanctioned_exchange,Russia,critical,BTC,bc1q8xyt4jxhw7mgqpwd6qfmyxaekgfja0s5wh5cz7,hot_wallet,true,OFAC_SDN
Bitzlato,sanctioned_exchange,Russia,critical,BTC,14L2C8q5tZ7wY3vN9kM8jF6bA4rS2dG1hJ,hot_wallet,true,DOJ_FINCEN
Bitzlato,sanctioned_exchange,Russia,critical,ETH,0x2035200ec277f2402941094dcabf881fd275c9a6,hot_wallet,true,DOJ_FINCEN
Suex OTC,sanctioned_exchange,Russia,critical,BTC,1K4tC9m2X8vY5wN3jM7bA4rS6dG8hJ1kL2,hot_wallet,true,OFAC_SDN
Suex OTC,sanctioned_exchange,Russia,critical,ETH,0x5734d8e8b0a9f3b890832d2f7823f46f34587a8b,hot_wallet,true,OFAC_SDN
Chatex,sanctioned_exchange,St. Vincent,critical,BTC,36uQh8w5T7vY2mN4kM6bA9rS1dG3hJ5kL7,hot_wallet,true,OFAC_SDN
PM2BTC,sanctioned_exchange,Russia,critical,BTC,1B8c7Z9w5T2vY4mN6kM8bA1rS3dG5hJ7kL,hot_wallet,true,OFAC_SDN
Cryptex,sanctioned_exchange,Russia,critical,BTC,3P5gK9m2X7vY4wN8jM6bA3rS1dG9hJ2kL4,hot_wallet,true,OFAC_SDN
Lazarus Group (Ronin Hack),state_actor,North Korea,critical,ETH,0x098b716b8aaf21512996dc57eb0615e2383e2f96,theft_wallet,true,OFAC_SDN
Lazarus Group (Harmony Hack),state_actor,North Korea,critical,ETH,0xa0e1c89ef1a489c9c7de96311ed5ce5d32c20e4b,theft_wallet,true,OFAC_SDN
Lazarus Group,state_actor,North Korea,critical,ETH,0x53b6936513e738f44fb50d2b9476730c0ab3bfc1,theft_wallet,true,OFAC_SDN
Lazarus Group,state_actor,North Korea,critical,BTC,1LY2BPb6RgMkRCqbNeVpiPVF1vWCLY1Xbz,theft_wallet,true,FBI_ADVISORY
Evil Corp,cybercrime_syndicate,Russia,critical,BTC,1Ev1LCoRp9w8v7u6t5s4r3q2p1o9n8m7l6,extortion_wallet,true,OFAC_SDN
LockBit Ransomware,ransomware,International,critical,BTC,1MNDu2r747w5HnLSihGZcwppNoFLaaqqc3,extortion_wallet,true,CISA_ADVISORY
LockBit Ransomware,ransomware,International,critical,ETH,0xb5d85cbf7cb3ee0e56b3bb207d5fc4b82f43f511,extortion_wallet,true,CISA_ADVISORY
WannaCry Ransomware,ransomware,International,critical,BTC,13AM4VW2dhxYgXeQepoHkHSQuy6NgaEb94,extortion_wallet,true,US_CERT
WannaCry Ransomware,ransomware,International,critical,BTC,2129AANtCctLiDqAwnYy1hQ953qj53K2qX,extortion_wallet,true,US_CERT
BlackCat (ALPHV),ransomware,International,critical,BTC,bc1q7w00m2pwyzgy9y3z6g2q3n8y9u2x4w5q6z7a8b,extortion_wallet,true,FBI_FLASH
Conti Ransomware,ransomware,International,critical,BTC,bc1qnkp35a8j9l3w4m7b6v5c4x3z2a1s0d9f8g7h6j,extortion_wallet,true,FBI_FLASH
DarkSide (Colonial Pipeline),ransomware,International,critical,BTC,14ae9kM3tZ8wY2vN5jM7bA4rS9dG1hJ6kL,extortion_wallet,true,DOJ_SEIZURE
REvil (Sodinokibi),ransomware,International,critical,BTC,1G475vNpq5Z1f8q1Bq7Wp5C3uG7kM9sL2P,extortion_wallet,true,CISA_ADVISORY
Hamas / Al-Qassam Brigades,terrorism_financing,Gaza/International,critical,BTC,1HQ3Go3ggs8pFnXuHVHRytPCq5fGG8Hbhx,funding_campaign,true,ISRAEL_NBCTF
Hamas / Al-Qassam Brigades,terrorism_financing,Gaza/International,critical,TRON,TGm8zXF4m78uH7yv5a3e6r7t8y9u0i1o2p,funding_campaign,true,ISRAEL_NBCTF
Palestinian Islamic Jihad,terrorism_financing,International,critical,TRON,TXjK8h9uY7v5a3e6r7t8y9u0i1o2p3a4s5,funding_campaign,true,ISRAEL_NBCTF
ISIS Crypto Campaign,terrorism_financing,Syria/International,critical,BTC,1A1zP1eP5QGefi2DMPTfTL5SLmv7DivfNa,terror_financing,true,UNSC_SANCTION
Al-Qaeda Fundraising,terrorism_financing,International,critical,BTC,1Drot9k5mZ8wY3vN7jM2bA6rS4dG9hJ1kL,terror_financing,true,UNSC_SANCTION
1xBet,betting,International,high,BTC,bc1qxy2kgdygjrsqtzq2n0yrf2493p83kkfjhx0wlh,hot_wallet,true,MANUAL_VERIFIED
1xBet,betting,International,high,ETH,0x05f51b0406e1e7834be5cb31eb6bfde7e3e5a8d2,hot_wallet,true,MANUAL_VERIFIED
Stake.com,betting,Curacao,high,BTC,bc1qshxzlsyknqsxgq7p9qzd3mvl4f5xx64s9jxg4,hot_wallet,true,MANUAL_VERIFIED
Stake.com,betting,Curacao,high,ETH,0x974caa59e49682cda0ad2bbe82983419a2ecc400,hot_wallet,true,MANUAL_VERIFIED
BC.Game,betting,Curacao,high,ETH,0x4e5b2e1dc63f6b91cb6cd759936495434c7e972f,hot_wallet,true,MANUAL_VERIFIED
Cloudbet,betting,Curacao,high,BTC,1CLoudBLockChainLotterySaMueLS,hot_wallet,true,MANUAL_VERIFIED
Rollbit,betting,Curacao,high,ETH,0xef8801eaf234ff82801821ffe2d78d6b888176b1,hot_wallet,true,MANUAL_VERIFIED
Roobet,betting,Curacao,high,ETH,0x3f5ce5fbfe3e9af3971dd833d26ba9b5c936f0be,hot_wallet,true,MANUAL_VERIFIED
Hydra Market,darknet,Russia,critical,BTC,14BRC1k1JEjTi3c2av2S74hHNx3xJHJNCy,hot_wallet,true,OSINT_VERIFIED
AlphaBay,darknet,Decentralized,critical,BTC,1HQ3Go3ggs8pFnXuHVHRytPCq5fGG8Hbhx,hot_wallet,true,OSINT_VERIFIED
Silk Road (DOJ Seized),darknet,United States,critical,BTC,1F1tAaz5x1HUXrCNLbtMDqcw6o5GNn4xqX,seizure_wallet,true,DOJ_SEIZURE
Abacus Market,darknet,Decentralized,critical,BTC,bc1q8k7m3tZ9wY2vN5jM7bA4rS9dG1hJ6kL,hot_wallet,true,OSINT_VERIFIED
Bohemia Market,darknet,Decentralized,critical,BTC,3Jk9p5m2X8vY4wN7jM6bA3rS1dG8hJ2kL5,hot_wallet,true,OSINT_VERIFIED
ASAP Market,darknet,Decentralized,critical,BTC,bc1qd7m2x8vY5wN4jM8bA2rS6dG9hJ3kL1,hot_wallet,true,OSINT_VERIFIED
Wall Street Market,darknet,Germany,critical,BTC,1WSM4vNpq5Z1f8q1Bq7Wp5C3uG7kM9sL2P,seizure_wallet,true,BKA_GERMANY
Across Protocol,defi_bridge,Decentralized,medium,ETH,0x5c7bcd6e7de5423a257d81b442095a1a6ced35c5,bridge_contract,true,MANUAL_VERIFIED
Wormhole Bridge,defi_bridge,Decentralized,medium,ETH,0x3ee18b2214aff97000d974cf647e7c347e8fa585,bridge_contract,true,MANUAL_VERIFIED
Stargate Bridge,defi_bridge,Decentralized,medium,ETH,0x8731d54e9d02c286767d56ac03e8037c07e01e98,bridge_contract,true,MANUAL_VERIFIED
Multichain Bridge,defi_bridge,Decentralized,medium,ETH,0x6b7a87899490ece95443e979ca9485cbe7e71522,bridge_contract,true,MANUAL_VERIFIED
RenBridge,defi_bridge,Decentralized,high,ETH,0xe4b679400f0f267212d5d812b95f58c83243ee71,bridge_contract,true,MANUAL_VERIFIED
Ronin Bridge,defi_bridge,Decentralized,critical,ETH,0x1a2a1c938ce3ec39b6d47113c7955baa9dd454f2,bridge_contract,true,MANUAL_VERIFIED
Hop Protocol,defi_bridge,Decentralized,medium,ETH,0x3666f603cc164936c1b87e207f36beba4ac5f18a,bridge_contract,true,MANUAL_VERIFIED
THORChain,dex,Decentralized,medium,ETH,0xd37bbe5744d730a1d98d8dc97c42f0ca46ad7146,router_contract,true,MANUAL_VERIFIED
Uniswap V3,dex,Decentralized,low,ETH,0x68b3465833fb72a70ecdf485e0e4c7bd8665fc45,router_contract,true,MANUAL_VERIFIED
Uniswap V2,dex,Decentralized,low,ETH,0x7a250d5630b4cf539739df2c5dacb4c659f2488d,router_contract,true,MANUAL_VERIFIED
1inch,dex,Decentralized,low,ETH,0x1111111254eeb25477b68fb85ed929f73a960582,router_contract,true,MANUAL_VERIFIED
PancakeSwap,dex,Decentralized,low,BNB,0x13f4ea83d0bd40e75c8222255bc855a974568dd4,router_contract,true,MANUAL_VERIFIED
ChangeNOW,instant_swap,Marshall Islands,medium,BTC,3C7f4ZXTO8MUvqfG4xUngMFnKLaGB3qp36,hot_wallet,true,MANUAL_VERIFIED
FixedFloat,instant_swap,Global,medium,BTC,bc1qrgxykz3pta5mc3n43cak3u7l9ep9e2yzqmzxpp,hot_wallet,true,MANUAL_VERIFIED
SimpleSwap,instant_swap,Global,medium,ETH,0xe5caef4af8780e59df925168e3c0b05d2f1d59f1,hot_wallet,true,MANUAL_VERIFIED
TetherToken,smart_contract,Global,low,ETH,0xdac17f958d2ee523a2206206994597c13d831ec7,token_contract,true,MANUAL_VERIFIED
CoinTool_App,dapp_utility,Global,low,ETH,0x0de8bf93da2f7eecb3d9169422413a9bef4ef628,utility_contract,true,MANUAL_VERIFIED
Kraken,exchange,International,low,BTC,34or6TK23ncQ2dFn4JpNPTNqT7RFC8aYNP,hot_wallet,true,AUTO_RESOLVER
Kraken,exchange,International,low,BTC,33ZYBqfL21bGG9zdXsAbt3LbSy16L7LZdy,hot_wallet,true,AUTO_RESOLVER
Kraken,exchange,International,low,BTC,3BHn348Dtny49vSe5rfjwFhd1uC1Rd2kXQ,hot_wallet,true,AUTO_RESOLVER
