tx_id,from,to,amount,timestamp,asset
0x75fbeb5603a12a9a3e87688d0a12f92d234a45d878ad80cfaa94cf06c00c4898,0xf3CA1A1Caf28275d6ee51ac4e3eD0a29d0c4b1B6,0xabf2fbc929aa44ea24130c3af6f9679ee7068ff4,0.13767874,1790369411,ETH
0x253d2e48b4084e237d350cf7c9050609658e7e0d766e4fcedd9f7607e95f37da,0xabf2fbc929aa44ea24130c3af6f9679ee7068ff4,0x7f7786f189e3de6163e395f1615770b34ac8e35d,0.13767366,1790369423,ETH
0x644a4d17fd1d43007ac08af14245af509a381c345768a2310c48618d1222c5d8,0xf3CA1A1Caf28275d6ee51ac4e3eD0a29d0c4b1B6,0x729c49332a39039fe296ca7e7a72d4a29002cfde,0.09550193,1790369543,ETH
0xc5376e6a96818dcec1b9801fd2d18560fd1115028c4641d1387cf2822b4aa5a8,0x729c49332a39039fe296ca7e7a72d4a29002cfde,0xf77e14456857f4fad3abdc9f922277db60e6a588,0.01861539,1790369783,ETH
0x2301402384fc8a142b5993f02cc257ce86590e04f8b2dbe222d1e274a3e7faee,0xf77e14456857f4fad3abdc9f922277db60e6a588,0xc7b2ea7b796baaba8698f627772f4ec30fffe288,0.01859036,1790369879,ETH
0xb6af6f12467e10f64b9acfc0098d551a396370e8ff0ab4efb27317b8722dfdf8,0xc7b2ea7b796baaba8698f627772f4ec30fffe288,0xdac17f958d2ee523a2206206994597c13d831ec7,0.0,1790370527,ETH
0x16b19c9a879fcb883999bbb5014f54e29ee4a2387270ea2da260199102e837f0,0xf3CA1A1Caf28275d6ee51ac4e3eD0a29d0c4b1B6,0x08b233f6179202cf89015a3d4c0475fe8e19ede6,0.07424208,1790366591,ETH
0xffdce924aaec0236e56df838a2046b6a7fb42626530c7c11032886c74132acd4,0x08b233f6179202cf89015a3d4c0475fe8e19ede6,0xa9ac43f5b5e38155a288d1a01d2cbc4478e14573,0.07480733,1790366831,ETH
0xc29b45496ac224af7eee1d5097e4dbaf0f0b00aa7cc5a3b86a9586b16924e6dc,0xa9ac43f5b5e38155a288d1a01d2cbc4478e14573,0x56df0bba3d324de9892f20f97e82f08fcd914f0e,72.66906,1790369375,ETH
0x223e422010f165c14ec383c52409f4777cb09fa8674d0fac4795ab4959acef9f,0x56df0bba3d324de9892f20f97e82f08fcd914f0e,0x173810f8ca9c4c631aeb1d6c36d007f054fee980,342.32094,1790369375,ETH
0x28dbc457960b1f5f5da5b716197de1e497bf9ec99ec62c4019807931e3c93ecf,0xa9ac43f5b5e38155a288d1a01d2cbc4478e14573,0xf352dbca3a7ce703eae7866f24b241e1b941a506,2.89874499,1790369351,ETH
0x4466d8ce2878015b525e66ddccc0791f1a6edebe4c4f57a82383abf13b10bc3f,0xf352dbca3a7ce703eae7866f24b241e1b941a506,0x28c6c06298d514db089934071355e5743bf21d60,2.89873405,1790369579,ETH
